,Audience_score_squareroot,Expert_Indication,Audience_indication,movieRank
0,0.8888194417315589,3.96,0.044099999999999986,3
1,0.8660254037844386,5.97,0.5625,2
2,0.8660254037844386,3.4699999999999998,0.0625,2
3,0.8660254037844386,4.17,0.5625,81